prvdr_ctgry_cd,city_name,fac_name,state_cd,st_adr,phne_num,zip_cd,bed_cnt,geo_address
1,OMAHA,VA HOSPITAL,NE,4101 WOOLWORTH AVE,4024490600,68105,486,"4101 WOOLWORTH AVE, OMAHA, NE, 68105"
1,LINCOLN,UNIVERSITY HEALTH CENTER,NE,15TH + U STS,,68508,32,"15TH + U STS, LINCOLN, NE, 68508"
1,FAIRBURY,JEFFERSON COMMUNITY HEALTH CENTER,NE,2200 NORTH H STREET   PO BOX 277,4027293351,68352,33,"2200 NORTH H STREET, FAIRBURY, NE, 68352"
1,LINCOLN,BRYAN MEDICAL CENTER,NE,1600 SOUTH 48TH ST,4024811111,68506,630,"1600 SOUTH 48TH ST, LINCOLN, NE, 68506"
1,LOUP CITY,SACRED HEART HOSPITAL INC,NE,626 N STREET,3087450503,68853,26,"626 N STREET, LOUP CITY, NE, 68853"
1,LINCOLN,BRYANLGH MEDICAL CENTER WEST,NE,2300 S 16TH ST,4024751011,68502,252,"2300 S 16TH ST, LINCOLN, NE, 68502"
1,KEARNEY,CHI HEALTH GOOD SAMARITAN,NE,"P O BOX 1990, 10 EAST 31ST ST",3088657100,68848,165,"10 EAST 31ST ST, KEARNEY, NE, 68848"
1,OMAHA,DOUGLAS COUNTY HEALTH CENTER,NE,4102 WOOLWORTH AVE,4024447301,68105,37,"4102 WOOLWORTH AVE, OMAHA, NE, 68105"
1,NELIGH,ANTELOPE MEMORIAL HOSPITAL,NE,102 W 9TH ST  PO BOX 229,4028874151,68756,45,"102 W 9TH ST, NELIGH, NE, 68756"
1,NORFOLK,OUR LADY OF LOURDES HOSPITAL,NE,1500 KOENIGSTEIN AVE,4023713402,68701,87,"1500 KOENIGSTEIN AVE, NORFOLK, NE, 68701"
1,OMAHA,THE NEBRASKA MEDICAL CENTER,NE,987400 NEBRASKA MEDICAL CENTER,4025522040,68198,689,"987400 NEBRASKA MEDICAL CENTER, OMAHA, NE, 68198"
1,SIDNEY,MEMORIAL HEALTH CENTER,NE,645 OSAGE STREET,3082545825,69162,40,"645 OSAGE STREET, SIDNEY, NE, 69162"
1,FALLS CITY,COMMUNITY MEDICAL CENTER INC,NE,2307 BARADA STREET,4022452428,68355,35,"2307 BARADA STREET, FALLS CITY, NE, 68355"
1,IMPERIAL,CHASE COUNTY COMMUNITY HOSPITAL,NE,600 WEST 12TH STREET,3088827111,69033,26,"600 WEST 12TH STREET, IMPERIAL, NE, 69033"
1,LINCOLN,CHI HEALTH ST ELIZABETH,NE,555 SOUTH 70TH ST,4022198000,68510,265,"555 SOUTH 70TH ST, LINCOLN, NE, 68510"
1,MCCOOK,COMMUNITY HOSPITAL,NE,1301 E H ST,3083452650,69001,44,"1301 E H ST, MCCOOK, NE, 69001"
1,MINDEN,KEARNEY COUNTY HEALTH SERVICES,NE,727 EAST FIRST STREET,3088321440,68959,30,"727 EAST FIRST STREET, MINDEN, NE, 68959"
1,GRAND ISLAND,CHI HEALTH ST FRANCIS,NE,2620 WEST FAIDLEY AVE,3083844600,68803,130,"2620 WEST FAIDLEY AVE, GRAND ISLAND, NE, 68803"
1,GRANT,PERKINS COUNTY HEALTH SERVICES,NE,900 LINCOLN AVENUE,3083527200,69140,20,"900 LINCOLN AVENUE, GRANT, NE, 69140"
21,OMAHA,ONE WORLD COMMUNITY HEALTH CENTERS INC,NE,4001 LEAVENWORTH ST,4025028842,68105,,"4001 LEAVENWORTH ST, OMAHA, NE, 68105"
1,BRIDGEPORT,MORRILL COUNTY COMMUNITY HOSPITAL,NE,P O BOX 579  1313 S STREET,3082621616,69336,20,"1313 S STREET, BRIDGEPORT, NE, 69336"
1,AUBURN,NEMAHA COUNTY HOSPITAL,NE,2022 - 13TH STREET,4022744366,68305,32,"2022 - 13TH STREET, AUBURN, NE, 68305"
1,HENDERSON,HENDERSON HEALTH CARE SERVICES INC,NE,1621 FRONT ST PO BOX 217,4027234512,68371,17,"1621 FRONT ST, HENDERSON, NE, 68371"
1,GRAND ISLAND,VA HOSP,NE,2201 N BROADWELL ST,,68801,201,"2201 N BROADWELL ST, GRAND ISLAND, NE, 68801"
1,OMAHA,CHI HLTH CREIGHTON UNIVERSITY MED CTR-BERGAN MERCY,NE,601 NORTH 30TH ST,4024494000,68131,334,"601 NORTH 30TH ST, OMAHA, NE, 68131"
1,ALBION,BOONE COUNTY HEALTH CENTER,NE,"PO BOX 151, 723 WEST FAIRVIEW STREET",4023952191,68620,34,"723 WEST FAIRVIEW STREET, ALBION, NE, 68620"
1,HASTINGS,MARY LANNING HEALTHCARE,NE,715 N ST JOSEPH AVE,4024615108,68901,163,"715 N ST JOSEPH AVE, HASTINGS, NE, 68901"
1,KIMBALL,KIMBALL COUNTY HOSPITAL,NE,505 SOUTH BURG STREET,3082353621,69145,20,"505 SOUTH BURG STREET, KIMBALL, NE, 69145"
1,NORFOLK,LUTHERAN COMMUNITY HOSPITAL,NE,2700 NORFOLK AVE,4026447528,68701,78,"2700 NORFOLK AVE, NORFOLK, NE, 68701"
1,OSCEOLA,ANNIE JEFFREY MEM COUNTY HEALTH CENTER,NE,PO BOX 428  531 BEEBE STREET,4027472031,68651,21,"531 BEEBE STREET, OSCEOLA, NE, 68651"
21,OMAHA,ONE WORLD COMMUNITY HEALTH CENTERS INC,NE,4930 S 30TH STREET STE 100,4025028842,68107,,"4930 S 30TH STREET, OMAHA, NE, 68107"
1,WAHOO,SAUNDERS COUNTY COMMUNITY HOSPITAL,NE,805 WEST 10TH STREET,4024434191,68066,30,"805 WEST 10TH STREET, WAHOO, NE, 68066"
1,WEST POINT,ST FRANCIS MEMORIAL HOSPITAL,NE,430 NORTH MONITOR,4023722404,68788,49,"430 NORTH MONITOR, WEST POINT, NE, 68788"
1,YORK,YORK GENERAL HOSPITAL,NE,2222 LINCOLN AVE,4023626671,68467,48,"2222 LINCOLN AVE, YORK, NE, 68467"
1,OMAHA,METHODIST HOSPITAL,NE,8303 DODGE ST,4023544000,68114,430,"8303 DODGE ST, OMAHA, NE, 68114"
1,PLAINVIEW,PLAINVIEW PUBLIC HOSPITAL,NE,PO BOX 489  704 NORTH 3RD,4025824245,68769,20,"704 NORTH 3RD, PLAINVIEW, NE, 68769"
1,CENTRAL CITY,LITZENBERG MEMORIAL COUNTY HOSPITAL,NE,1715 26TH STREET,3089463015,68826,33,"1715 26TH STREET, CENTRAL CITY, NE, 68826"
1,OAKLAND,OAKLAND MEMORIAL HOSPITAL,NE,601 E 2ND ST,4026855601,68045,23,"601 E 2ND ST, OAKLAND, NE, 68045"
1,CREIGHTON,CREIGHTON AREA HEALTH SERVICES,NE,PO BOX 186  1503 MAIN STREET,4023583322,68729,30,"1503 MAIN STREET, CREIGHTON, NE, 68729"
1,BLAIR,MEMORIAL COMMUNITY HOSPITAL,NE,810 N 22ND ST,4024262182,68008,29,"810 N 22ND ST, BLAIR, NE, 68008"
21,OMAHA,ONE WORLD COMMUNITY HEALTH CENTERS INC,NE,4101 S 120TH ST,4025028842,68137,,"4101 S 120TH ST, OMAHA, NE, 68137"
1,CHADRON,CHADRON COMMUNITY HOSPITAL,NE,821 MOREHEAD STREET,3084325586,69337,42,"821 MOREHEAD STREET, CHADRON, NE, 69337"
1,LINCOLN,VA HOSP,NE,600 S 70TH ST,,68501,183,"600 S 70TH ST, LINCOLN, NE, 68501"
1,HEBRON,THAYER COUNTY MEMORIAL HOSPITAL,NE,121 PARK AVE  PO BOX 49,4027686041,68370,22,"121 PARK AVE, HEBRON, NE, 68370"
1,SYRACUSE,COMMUNITY MEMORIAL HOSPITAL,NE,"1579 MIDLAND ST, PO BOX N",4022692011,68446,18,"1579 MIDLAND ST, SYRACUSE, NE, 68446"
1,TECUMSEH,JOHNSON COUNTY HOSPITAL,NE,202 HIGH STREET,4023353361,68450,30,"202 HIGH STREET, TECUMSEH, NE, 68450"
1,BEATRICE,BEATRICE COMM HOSPITAL & HLTH CENTER,NE,"1110 NORTH 10TH STREET, PO BOX 278",4022283344,68310,47,"1110 NORTH 10TH STREET,  BEATRICE, NE, 68310"
1,FRANKLIN,FRANKLIN COUNTY MEMORIAL HOSPITAL,NE,1406 Q STREET,3084256221,68939,20,"1406 Q STREET, FRANKLIN, NE, 68939"
1,BROKEN BOW,JENNIE M MELHAM MEMORIAL MED CENTER,NE,145 MEMORIAL DR,3088726891,68822,39,"145 MEMORIAL DR, BROKEN BOW, NE, 68822"
1,SEWARD,MEMORIAL HOSPITAL,NE,300 N COLUMBIA AVE,4026432971,68434,34,"300 N COLUMBIA AVE, SEWARD, NE, 68434"
1,OMAHA,US AIR FORCE HOSP,NE,OFFUTT AFB,4022947312,68113,80,"OFFUTT AFB, OMAHA, NE, 68113"
1,OMAHA,CHI HEALTH CREIGHTON UNIVERSITY MEDICAL CENTER - B,NE,7500 MERCY RD,4023986060,68124,400,"7500 MERCY RD, OMAHA, NE, 68124"
1,SCOTTSBLUFF,REGIONAL WEST MEDICAL CENTER,NE,4021 AVE B,3086353711,69361,166,"4021 AVE B, SCOTTSBLUFF, NE, 69361"
1,NEBRASKA CITY,ST MARYS HOSPITAL,NE,1314 THIRD AVENUE,4028733321,68410,38,"1314 THIRD AVENUE, NEBRASKA CITY, NE, 68410"
1,RUSHVILLE,RUSHVILLE COMM HOSP,NE,307 CONRAD ST,3083272468,69360,9,"307 CONRAD ST, RUSHVILLE, NE, 69360"
1,SUPERIOR,BRODSTONE MEM-NUCKOLLS CO HOSPITAL,NE,PO BOX 187  520 EAST 10TH STREET,4028793281,68978,49,"520 EAST 10TH STREET, SUPERIOR, NE, 68978"
1,NORTH PLATTE,GREAT PLAINS HEALTH,NE,601 WEST LEOTA ST,3085688000,69101,116,"601 WEST LEOTA ST, NORTH PLATTE, NE, 69101"
21,OMAHA,ONE WORLD COMMUNITY HEALTH CENTERS INC,NE,4910 S 30TH STREET,4025028842,68107,,"4910 S 30TH STREET, OMAHA, NE, 68107"
1,COZAD,COZAD COMMUNITY HOSPITAL,NE,300 EAST 12TH STREET,3087842261,69130,21,"300 EAST 12TH STREET, COZAD, NE, 69130"
1,WAKEFIELD,WAKEFIELD HEALTH CARE CENTER,NE,306 ASH ST,4022872244,68784,22,"306 ASH ST, WAKEFIELD, NE, 68784"
1,PAWNEE CITY,PAWNEE COUNTY MEMORIAL HOSPITAL,NE,600 I ST  PO BOX 313,4028522231,68420,21,"600 I ST, PAWNEE CITY, NE, 68420"
1,AURORA,MEMORIAL HOSPITAL,NE,1423 SEVENTH STREET,4026943171,68818,25,"1423 SEVENTH STREET, AURORA, NE, 68818"
1,GORDON,GORDON MEMORIAL HOSPITAL,NE,300 EAST 8TH STREET,3082820401,69343,40,"300 EAST 8TH STREET, GORDON, NE, 69343"
1,CRETE,CRETE AREA MEDICAL CENTER,NE,1540 GROVE STREET,4028262154,68333,35,"1540 GROVE STREET, CRETE, NE, 68333"
1,FREMONT,METHODIST FREMONT HEALTH,NE,450 EAST 23RD ST,4027271610,68025,90,"450 EAST 23RD ST, FREMONT, NE, 68025"
1,FULLERTON,FULLERTON MEMORIAL HOSPITAL,NE,903 BROADWAY,3085362474,68638,20,"903 BROADWAY, FULLERTON, NE, 68638"
1,FRIEND,WARREN MEMORIAL HOSPITAL,NE,905 SECOND STREET,4029472451,68359,15,"905 SECOND STREET, FRIEND, NE, 68359"
1,GENEVA,FILLMORE COUNTY HOSPITAL,NE,1325 'H' ST  PO BOX 193,4027593167,68361,33,"1325 'H' ST , GENEVA, NE, 68361"
21,OMAHA,BRYAN HIGH SCHOOL BASED CLINIC,NE,4700 GILES ROAD,4029913904,68157,,"4700 GILES ROAD, OMAHA, NE, 68157"
1,OMAHA,CHI HEALTH IMMANUEL,NE,6901 NORTH 72ND ST,4025722121,68122,356,"6901 NORTH 72ND ST, OMAHA, NE, 68122"
1,SCHUYLER,ALEGENT HEALTH - MEMORIAL HOSPITAL,NE,104 W 17TH ST,4023522441,68661,18,"104 W 17TH ST, SCHUYLER, NE, 68661"
1,ST PAUL,HOWARD COUNTY COMMUNITY HOSPITAL,NE,1102 KENDALL ST,3087544421,68873,37,"1102 KENDALL ST, ST PAUL, NE, 68873"
1,OMAHA,METHODIST RICHARD YOUNG,NE,515 S 26TH ST,4025366600,68105,305,"515 S 26TH ST, OMAHA, NE, 68105"
1,GRAND ISLAND,GRAND ISLAND MEMORIAL HOSPITAL,NE,2116 W FAIDLEY AVE,3083823890,68801,124,"2116 W FAIDLEY AVE, GRAND ISLAND, NE, 68801"
1,OMAHA,CLARKSON BISHOP MEMORIAL HOSPITAL,NE,DEWEY AVE AT 44TH ST,4025593203,68105,375,"DEWEY AVE AT 44TH ST, OMAHA, NE, 68105"
1,OGALLALA,OGALLALA COMMUNITY HOSPITAL,NE,2601 SPRUCE STREET,3082844011,69153,18,"2601 SPRUCE STREET, OGALLALA, NE, 69153"
1,CRAWFORD,LEGEND BUTTES HEALTH SERVICES,NE,11 PADDOCK ST  PO BOX 272,3086651770,69339,20,"11 PADDOCK ST, CRAWFORD, NE, 69339"
1,DAVID CITY,BUTLER COUNTY HEALTH CARE CENTER,NE,372 SOUTH 9TH STREET,4023673115,68632,29,"372 SOUTH 9TH STREET, DAVID CITY, NE, 68632"
21,OMAHA,ONE WORLD NORTHWEST,NE,4229 NORTH 90TH STREET,4024016000,68134,,"4229 NORTH 90TH STREET, OMAHA, NE, 68134"
1,ATKINSON,WEST HOLT MEMORIAL HOSPITAL,NE,RR 1  BOX 200  406 LEGION STREET,4029252811,68713,18,"406 LEGION STREET, ATKINSON, NE, 68713"
1,OXFORD,FRITZER MEMORIAL HOSPITAL,NE,811 HOWELL,3088243271,68967,20,"811 HOWELL, OXFORD, NE, 68967"
1,BASSETT,ROCK COUNTY HOSPITAL,NE,PO BOX 100  102 E SOUTH ST,4026843366,68714,17,"102 E SOUTH ST, BASSETT, NE, 68714"
1,GENOA,GENOA COMMUNITY HOSPITAL,NE,706 EWING AVENUE,4029932283,68640,20,"706 EWING AVENUE, GENOA, NE, 68640"
1,ALMA,HARLAN COUNTY HEALTH SYSTEM,NE,717 NORTH BROWN,3089282151,68920,25,"717 NORTH BROWN, ALMA, NE, 68920"
1,BURWELL,COMMUNITY MEMORIAL HOSPITAL,NE,295 NORTH 8TH STREET,3083464440,68823,19,"295 NORTH 8TH STREET, BURWELL, NE, 68823"
1,ORD,VALLEY COUNTY HOSPITAL,NE,217 WESTRIDGE DRIVE,3087283211,68862,26,"217 WESTRIDGE DRIVE, ORD, NE, 68862"
1,PAPILLION,CHI HEALTH MIDLANDS,NE,11111 SOUTH 84TH ST,4025933000,68046,131,"11111 SOUTH 84TH ST, PAPILLION, NE, 68046"
1,GOTHENBURG,GOTHENBURG MEMORIAL HOSPITAL,NE,910 20TH STREET  PO BOX 469,3085373661,69138,12,"910 20TH STREET, GOTHENBURG, NE, 69138"
1,HUMBOLDT,COMMUNITY MEMORIAL HOSPITAL,NE,1128 GRAND AVENUE  RT 2  BOX 34C,4028622231,68376,20,"1128 GRAND AVENUE, HUMBOLDT, NE, 68376"
1,HOLDREGE,PHELPS MEMORIAL HEALTH CENTER,NE,1215 TIBBALS ST,3089952211,68949,49,"1215 TIBBALS ST, HOLDREGE, NE, 68949"
1,SARGENT,GOLI MEDICAL CENTER,NE,1201 WEST MAIN  RR1  BOX 11,3085273414,68874,18,"1201 WEST MAIN, SARGENT, NE, 68874"
1,AINSWORTH,BROWN COUNTY HOSPITAL,NE,945 E ZERO ST,4023872800,69210,25,"945 E ZERO ST, AINSWORTH, NE, 69210"
1,COLUMBUS,COLUMBUS COMMUNITY HOSPITAL,NE,4600 38TH ST,4025623362,68601,47,"4600 38TH ST, COLUMBUS, NE, 68601"
1,CALLAWAY,CALLAWAY DISTRICT HOSPITAL,NE,211 KIMBALL  PO BOX 100,3088362228,68825,12,"211 KIMBALL, CALLAWAY, NE, 68825"
1,WAYNE,PROVIDENCE MEDICAL CENTER,NE,1200 PROVIDENCE ROAD,4023753800,68787,32,"1200 PROVIDENCE ROAD, WAYNE, NE, 68787"
1,LEXINGTON,TRI-COUNTY AREA HOSPITAL DISTRICT,NE,"P O BOX 980, 1201 NORTH ERIE STREET",3083245651,68850,40,"1201 NORTH ERIE STREET, LEXINGTON, NE, 68850"
21,GRAND ISLAND,HEARTLAND HEALTH CENTER,NE,3307 WEST CAPITAL AVENUE,3083824297,68803,,"3307 WEST CAPITAL AVENUE, GRAND ISLAND, NE, 68803"
1,ALLIANCE,BOX BUTTE GENERAL HOSPITAL,NE,2101 BOX BUTTE AVE,3087626660,69301,44,"2101 BOX BUTTE AVE, ALLIANCE, NE, 69301"
1,WINNEBAGO,WINNEBAGO IHS HOSPITAL,NE,HWY 77-75,4028782231,68071,30,"HWY 77-75, WINNEBAGO, NE, 68071"
1,OMAHA,METHODIST HOSPITAL,NE,3612 CUMING ST,4025544644,68131,142,"3612 CUMING ST, OMAHA, NE, 68131"
1,BEATRICE,BEATRICE STATE DEVELOPMENTAL CENTER,NE,3000 LINCOLN BLVD,4022237500,68310,31,"3000 LINCOLN BLVD, BEATRICE, NE, 68310"
1,NORFOLK,FAITH REGIONAL HEALTH SERVICES,NE,2700 WEST NORFOLK AVE,4023714880,68701,133,"2700 WEST NORFOLK AVE, NORFOLK, NE, 68701"
1,PAPILLION,SELECT SPECIALTY HOSPITAL - OMAHA,NE,11111 S 84TH STREET,4028982700,68046,40,"11111 S 84TH STREET, PAPILLION, NE, 68046"
1,LINCOLN,LINCOLN SURGICAL HOSPITAL,NE,"1710 SOUTH 70TH STREET, SUITE 200",4024849090,68506,21,"1710 SOUTH 70TH STREET, LINCOLN, NE, 68506"
1,LINCOLN,CHI HEALTH NEBRASKA HEART,NE,7500 SOUTH 91ST ST,4023272700,68526,63,"7500 SOUTH 91ST ST, LINCOLN, NE, 68526"
1,OMAHA,ORTHONEBRASKA HOSPITAL,NE,2808 SOUTH 143RD PLZ,4026093000,68144,24,"2808 SOUTH 143RD PLZ, OMAHA, NE, 68144"
21,FREMONT,GOOD NEIGHBOR CLINIC FREMONT,NE,2740 N CLARKSON ST,4025628952,68025,,"2740 N CLARKSON ST, FREMONT, NE, 68025"
1,OMAHA,CHI HEALTH LAKESIDE,NE,16901 LAKESIDE HILLS CT,4027178167,68130,157,"16901 LAKESIDE HILLS CT, OMAHA, NE, 68130"
1,OMAHA,MIDWEST SURGICAL HOSPITAL LLC,NE,7915 FARNAM DRIVE,4023991900,68114,19,"7915 FARNAM DRIVE, OMAHA, NE, 68114"
1,BELLEVUE,BELLEVUE MEDICAL CENTER,NE,2500 BELLEVUE MEDICAL CENTER DR,4027633600,68123,91,"2500 BELLEVUE MEDICAL CENTER DR, BELLEVUE, NE, 68123"
1,OMAHA,"NEBRASKA SPINE HOSPITAL, LLC",NE,"P O BOX 34400, 6901 NORTH 72ND ST, STE 20300",4025723000,68122,34,"6901 NORTH 72ND ST, OMAHA, NE, 68122"
1,KEARNEY,KEARNEY REGIONAL MEDICAL CENTER,NE,804 22ND AVENUE,3084553600,68845,44,"804 22ND AVENUE, KEARNEY, NE, 68845"
1,LINCOLN,SELECT SPECIALITY HOSPITAL - LINCOLN,NE,2300 SOUTH 16TH STREET - 7TH FLOOR,4023615755,68502,24,"2300 SOUTH 16TH STREET - 7TH FLOOR, LINCOLN, NE, 68502"
1,BELLEVUE,MADONNA REHABILITATION SPECIALTY HOSPITAL,NE,"2500 BELLEVUE MEDICAL CENTER DRIVE, 4TH FLOOR",4028840006,68123,32,"2500 BELLEVUE MEDICAL CENTER DRIVE, 4TH FLOOR, BELLEVUE, NE, 68123"
1,KEARNEY,HEARTLAND SURGERY CENTER,NE,3515 30TH AVENUE,3088652670,68845,1,"3515 30TH AVENUE, KEARNEY, NE, 68845"
1,GRAND ISLAND,GRAND ISLAND REGIONAL MEDICAL CENTER,NE,3533 PRAIRIEVIEW STREET,3086755000,68803,67,"3533 PRAIRIEVIEW STREET, GRAND ISLAND, NE, 68803"
1,LINCOLN,ADVANCED MEDICAL IMAGING SURGERY CENTER,NE,7555 PIONEERS BLVD,4024844858,68506,1,"7555 PIONEERS BLVD, LINCOLN, NE, 68506"
21,LINCOLN,BLUESTEM HEALTH ADMINISTRATION,NE,2246 O STREET,4024705420,68510,,"2246 O STREET, LINCOLN, NE, 68510"
1,ALMA,HARLAN COUNTY HEALTH SYSTEM,NE,"P O BOX 836, 717 NORTH BROWN ST",3089282151,68920,19,"717 NORTH BROWN ST, ALMA, NE, 68920"
1,GENEVA,FILLMORE COUNTY HOSPITAL,NE,"P O BOX 193, 1900 F STREET",4027593167,68361,25,"1900 F STREET, GENEVA, NE, 68361"
1,PAWNEE CITY,PAWNEE COUNTY MEMORIAL HOSPITAL,NE,"P O BOX 433, 600 I ST",4028522231,68420,17,"600 I ST, PAWNEE CITY, NE, 68420"
1,LYNCH,NIOBRARA VALLEY HOSPITAL,NE,"P O BOX 118, 401 SOUTH 5TH STREET",4025692451,68746,20,"401 SOUTH 5TH STREET, LYNCH, NE, 68746"
1,HEBRON,THAYER COUNTY HEALTH SERVICES,NE,120 PARK AVE,4027686041,68370,19,"120 PARK AVE, HEBRON, NE, 68370"
1,KIMBALL,KIMBALL HEALTH SERVICES,NE,505 SOUTH BURG ST,3082351951,69145,20,"505 SOUTH BURG ST, KIMBALL, NE, 69145"
1,MINDEN,KEARNEY COUNTY HEALTH SERVICES HOSPITAL,NE,727 EAST 1ST ST,3088323400,68959,25,"727 EAST 1ST ST, MINDEN, NE, 68959"
1,WAHOO,SAUNDERS MEDICAL CENTER,NE,1760 COUNTY RD J,4024434191,68066,16,"1760 COUNTY RD J, WAHOO, NE, 68066"
1,HENDERSON,HENDERSON HEALTH CARE SERVICES,NE,1621 FRONT STREET,4027234445,68371,13,"1621 FRONT STREET, HENDERSON, NE, 68371"
1,SYRACUSE,SYRACUSE AREA HEALTH,NE,2731 HEALTHCARE DR,4022692011,68446,18,"2731 HEALTHCARE DR, SYRACUSE, NE, 68446"
1,OSHKOSH,REGIONAL WEST GARDEN COUNTY HOSPITAL,NE,1100 WEST 2ND ST,3087723283,69154,10,"1100 WEST 2ND ST, OSHKOSH, NE, 69154"
1,FRANKLIN,FRANKLIN COUNTY MEMORIAL HOSPITAL,NE,1406 Q ST,3084256221,68939,14,"1406 Q ST, FRANKLIN, NE, 68939"
1,GENOA,GENOA COMMUNITY HOSPITAL,NE,"P O BOX 310, 706 EWING AVE",4029932283,68640,20,"706 EWING AVE, GENOA, NE, 68640"
1,GOTHENBURG,GOTHENBURG MEMORIAL HOSPITAL,NE,910 20TH ST,3085373661,69138,12,"910 20TH ST, GOTHENBURG, NE, 69138"
1,OSCEOLA,ANNIE JEFFREY MEMORIAL COUNTY HEALTH CENTER,NE,"P O BOX 428, 531 BEEBE ST",4027472031,68651,21,"531 BEEBE ST, OSCEOLA, NE, 68651"
1,SUPERIOR,BRODSTONE MEMORIAL HOSP,NE,"P O BOX 187, 520 EAST 10TH ST",4028793281,68978,25,"520 EAST 10TH ST, SUPERIOR, NE, 68978"
1,RED CLOUD,WEBSTER COUNTY COMMUNITY HOSPITAL,NE,"P O BOX 465, 621 N FRANKLIN ST",4027465600,68970,16,"621 N FRANKLIN ST, RED CLOUD, NE, 68970"
1,TILDEN,TILDEN COMMUNITY HOSPITAL,NE,"P O BOX 340, 308 WEST 2ND",4023685343,68781,21,"308 WEST 2ND, TILDEN, NE, 68781"
1,BRIDGEPORT,MORRILL COUNTY COMMUNITY HOSPITAL,NE,1313 S STREET,3082621616,69336,20,"1313 S STREET, BRIDGEPORT, NE, 69336"
1,FAIRBURY,JEFFERSON COMMUNITY HEALTH & LIFE,NE,"P O BOX 277, 2200 H ST",4027293351,68352,17,"2200 H ST, FAIRBURY, NE, 68352"
1,AURORA,MEMORIAL HOSPITAL,NE,1423 SEVENTH ST,4026943171,68818,14,"1423 SEVENTH ST, AURORA, NE, 68818"
1,OAKLAND,MERCYONE OAKLAND MEDICAL CENTER,NE,601 EAST SECOND ST,4026855601,68045,18,"601 EAST SECOND ST, OAKLAND, NE, 68045"
1,WEST POINT,ST FRANCIS MEMORIAL HOSPITAL,NE,430 NORTH MONITOR ST,4023722404,68788,25,"430 NORTH MONITOR ST, WEST POINT, NE, 68788"
1,SCHUYLER,CHI HEALTH SCHUYLER,NE,104 WEST 17TH ST,4023522441,68661,25,"104 WEST 17TH ST, SCHUYLER, NE, 68661"
1,AUBURN,NEMAHA COUNTY HOSPITAL,NE,2022  13TH ST,4022744366,68305,20,"2022  13TH ST, AUBURN, NE, 68305"
1,AINSWORTH,BROWN COUNTY HOSPITAL,NE,945 EAST ZERO ST,4023872800,69210,25,"945 EAST ZERO ST, AINSWORTH, NE, 69210"
1,NELIGH,ANTELOPE MEMORIAL HOSPITAL,NE,"P O BOX 229, 102 WEST 9TH ST",4028874151,68756,25,"102 WEST 9TH ST, NELIGH, NE, 68756"
1,COZAD,COZAD COMMUNITY HOSPITAL,NE,"P O BOX 108, 300 EAST 12TH ST",3087842261,69130,21,"300 EAST 12TH ST, COZAD, NE, 69130"
1,CENTRAL CITY,MERRICK MEDICAL CENTER,NE,1715  26TH ST,3089463015,68826,20,"1715  26TH ST, CENTRAL CITY, NE, 68826"
1,O' NEILL,AVERA ST ANTHONY'S HOSPITAL,NE,300 NORTH 2ND ST,4023362611,68763,25,"300 NORTH 2ND ST, O' NEILL, NE, 68763"
1,FRIEND,WARREN MEMORIAL HOSPITAL,NE,905 SECOND ST,4029472541,68359,19,"905 SECOND ST, FRIEND, NE, 68359"
1,CREIGHTON,AVERA CREIGHTON HOSPITAL,NE,"P O BOX 186, 1503 MAIN ST",4023585700,68729,23,"1503 MAIN ST, CREIGHTON, NE, 68729"
1,DAVID CITY,BUTLER COUNTY HEALTH CARE CENTER,NE,372 SOUTH 9TH ST,4023671200,68632,20,"372 SOUTH 9TH ST, DAVID CITY, NE, 68632"
1,BASSETT,ROCK COUNTY HOSPITAL,NE,102 EAST SOUTH STREET,4026843366,68714,24,"102 EAST SOUTH STREET, BASSETT, NE, 68714"
1,ALBION,BOONE COUNTY HEALTH CENTER,NE,"P O BOX 151, 723 WEST FAIRVIEW ST",4023952191,68620,25,"723 WEST FAIRVIEW ST, ALBION, NE, 68620"
1,CALLAWAY,CALLAWAY DISTRICT HOSPITAL,NE,"P O BOX 100, 211 E KIMBALL",3088362228,68825,12,"211 E KIMBALL, CALLAWAY, NE, 68825"
1,YORK,YORK GENERAL HOSPITAL,NE,2222 LINCOLN AVE,4023626671,68467,25,"2222 LINCOLN AVE, YORK, NE, 68467"
1,HUMBOLDT,HUMBOLDT HEALTHCARE INC,NE,1128 GRAND AVENUE,4028622231,68376,15,"1128 GRAND AVENUE, HUMBOLDT, NE, 68376"
1,ST PAUL,HOWARD COUNTY MEDICAL CENTER,NE,"P O BOX 406, 1113 SHERMAN ST",3087544421,68873,25,"1113 SHERMAN ST, ST PAUL, NE, 68873"
1,SEWARD,MEMORIAL HOSPITAL,NE,300 NORTH COLUMBIA AVE,4026432971,68434,25,"300 NORTH COLUMBIA AVE, SEWARD, NE, 68434"
1,BENKELMAN,DUNDY COUNTY HOSPITAL,NE,"P O BOX 626, 1313 NORTH CHEYENNE ST",3084232204,69021,14,"1313 NORTH CHEYENNE ST, BENKELMAN, NE, 69021"
1,CHADRON,CHADRON COMMUNITY HOSPITAL CORP,NE,825 CENTENNIAL DRIVE,3084325586,69337,25,"825 CENTENNIAL DRIVE, CHADRON, NE, 69337"
1,NEBRASKA CITY,CHI HEALTH ST MARY'S,NE,1301 GRUNDMAN BLVD,4028733321,68410,18,"1301 GRUNDMAN BLVD, NEBRASKA CITY, NE, 68410"
1,ATKINSON,WEST HOLT MEMORIAL HOSPITAL,NE,406 W NEELY ST,4029252811,68713,18,"406 W NEELY ST, ATKINSON, NE, 68713"
1,VALENTINE,CHERRY COUNTY HOSPITAL,NE,"P O BOX 410, 510 NORTH GREEN ST",4023762525,69201,25,"510 NORTH GREEN ST, VALENTINE, NE, 69201"
1,WAYNE,PROVIDENCE MEDICAL CENTER,NE,1200 PROVIDENCE RD,4023753800,68787,25,"1200 PROVIDENCE RD, WAYNE, NE, 68787"
1,PLAINVIEW,CHI HEALTH PLAINVIEW,NE,"P O BOX 489, 704 NORTH THIRD ST",4025824245,68769,19,"704 NORTH THIRD ST, PLAINVIEW, NE, 68769"
1,OSMOND,OSMOND GENERAL HOSPITAL,NE,"P O BOX 429, 402 NORTH MAPLE ST",4027483393,68765,25,"402 NORTH MAPLE ST, OSMOND, NE, 68765"
1,CAMBRIDGE,TRI VALLEY HEALTH SYSTEM,NE,1305 WEST HIGHWAY 6/34,3086973329,69022,25,"1305 WEST HIGHWAY 6/34, CAMBRIDGE, NE, 69022"
1,PENDER,PENDER COMMUNITY HOSPITAL,NE,"P O BOX 100, 100 HOSPITAL DRIVE",4023853083,68047,25,"100 HOSPITAL DRIVE, PENDER, NE, 68047"
1,TECUMSEH,JOHNSON COUNTY HOSPITAL,NE,202 HIGH ST,4023353361,68450,18,"202 HIGH ST, TECUMSEH, NE, 68450"
1,IMPERIAL,CHASE COUNTY COMMUNITY HOSPITAL,NE,"P O BOX 819, 600 W 12TH ST",3088827111,69033,22,"600 W 12TH ST, IMPERIAL, NE, 69033"
1,FALLS CITY,"COMMUNITY MEDICAL CENTER, INC",NE,"P O BOX 399, 3307 BARADA ST",4022452428,68355,24,"3307 BARADA ST, FALLS CITY, NE, 68355"
1,ORD,VALLEY COUNTY HEALTH SYSTEM,NE,2707 L STREET,3087284200,68862,16,"2707 L STREET, ORD, NE, 68862"
1,CRETE,CRETE AREA MEDICAL CENTER,NE,"P O BOX 220, 2910 BETTEN DR",4028262102,68333,25,"2910 BETTEN DR, CRETE, NE, 68333"
1,OGALLALA,OGALLALA COMMUNITY HOSPITAL,NE,2601 NORTH SPRUCE ST,3082844011,69153,18,"2601 NORTH SPRUCE ST, OGALLALA, NE, 69153"
1,GRANT,PERKINS COUNTY HEALTH SERVICES,NE,900 LINCOLN AVE,3083527200,69140,20,"900 LINCOLN AVE, GRANT, NE, 69140"
1,SIDNEY,SIDNEY REGIONAL MEDICAL CENTER,NE,1000 POLE CREEK CROSSING,3082545825,69162,25,"1000 POLE CREEK CROSSING, SIDNEY, NE, 69162"
21,LINCOLN,HEALTH 360,NE,2201 SOUTH 17TH STREET,4024761455,68502,,"2201 SOUTH 17TH STREET, LINCOLN, NE, 68502"
1,GORDON,GORDON MEMORIAL HOSPITAL DISTRICT,NE,300 EAST 8TH ST,3082820401,69343,25,"300 EAST 8TH ST, GORDON, NE, 69343"
1,BLAIR,MEMORIAL COMMUNITY HOSPITAL MCH & HEALTH SYSTEM,NE,810 NORTH 22ND ST,4024261502,68008,25,"810 NORTH 22ND ST, BLAIR, NE, 68008"
1,ALLIANCE,BOX BUTTE GENERAL HOSPITAL,NE,"P O BOX 810, 2101 BOX BUTTE AVE",3087626660,69301,25,"2101 BOX BUTTE AVE, ALLIANCE, NE, 69301"
1,LEXINGTON,LEXINGTON REGIONAL HEALTH CENTER,NE,"P O BOX 980, 1201 NORTH ERIE ST",3083245651,68850,25,"1201 NORTH ERIE ST, LEXINGTON, NE, 68850"
1,HOLDREGE,PHELPS MEMORIAL HEALTH CENTER,NE,1215 TIBBALS ST,3089952211,68949,25,"1215 TIBBALS ST, HOLDREGE, NE, 68949"
1,MCCOOK,COMMUNITY HOSPITAL,NE,"P O BOX 1328, 1301 EAST H ST",3083442650,69001,25,"1301 EAST H ST, MCCOOK, NE, 69001"
1,BEATRICE,"BEATRICE COMMUNITY HOSPITAL & HEALTH CENTER, INC",NE,"P O BOX 278, 4800 HOSPITAL PARKWAY",4022283344,68310,25,"4800 HOSPITAL PARKWAY, BEATRICE, NE, 68310"
1,BROKEN BOW,JENNIE M MELHAM MEMORIAL MEDICAL CENTER,NE,145 MEMORIAL DRIVE,3088724100,68822,23,"145 MEMORIAL DRIVE, BROKEN BOW, NE, 68822"
21,OMAHA,CHARLES DREW HEALTH CENTER INC,NE,3600 N 24TH STREET,4024571200,68110,,"3600 N 24TH STREET, OMAHA, NE, 68110"
21,OMAHA,CHARLES DREW HEALTH CENTER INC,NE,5904 HENNIGER AVE,4024571200,68183,,"5904 HENNIGER AVE, OMAHA, NE, 68183"
21,OMAHA,CHARLES DREW HEALTH CENTER,NE,1490 NORTH 16TH STREET,4024536806,68102,,"1490 NORTH 16TH STREET, OMAHA, NE, 68102"
21,OMAHA,CHARLES DREW HEALTH CENTER,NE,2915 GRANT STREET,4024513553,68111,,"2915 GRANT STREET, OMAHA, NE, 68111"
21,GERING,PANHANDLE COMMUNITY SERV HEALTH CTR,NE,3350  10TH STREET,3086353089,69341,,"3350  10TH STREET, GERING, NE, 69341"
21,LINCOLN,NEBRASKA URBAN INDIAN HEALTH COALITION,NE,2331 FAIRFIELD ST SUITE 1,4024347177,68521,,"2331 FAIRFIELD ST, LINCOLN, NE, 68521"
21,OMAHA,CHARLES DREW AMES AVENUE HEALTH CENTER,NE,4415 NORTH 28TH AVENUE,4024531433,68111,,"4415 NORTH 28TH AVENUE, OMAHA, NE, 68111"
21,OMAHA,CHARLES DREW WM H  JOHNSON HLTH CTR,NE,2912 MANDERSON STREET,4024531433,68111,,"2912 MANDERSON STREET, OMAHA, NE, 68111"
21,OMAHA,ONE WORLD COMMUNITY HEALTH CENTERS INC,NE,4920 SOUTH 30TH STREET #103,4027344110,68107,,"4920 SOUTH 30TH STREET #103, OMAHA, NE, 68107"
21,COLUMBUS,GOOD NEIGHBOR COMMUNITY HEALTH CENTER,NE,4321 41ST AVENUE,4025639224,68601,,"4321 41ST AVENUE, COLUMBUS, NE, 68601"
21,LINCOLN,PEOPLES HEALTH CENTER,NE,1021 N 27TH STREET,4024761640,68503,,"1021 N 27TH STREET, LINCOLN, NE, 68503"
21,PLATTSMOUTH,CASS FAMILY MEDICINE,NE,122 SOUTH 6TH STREET,4022962345,68048,,"122 SOUTH 6TH STREET, PLATTSMOUTH, NE, 68048"
21,NORFOLK,NORFOLK COMMUNITY HEALTH CARE CLINIC,NE,"110 NORTH 16TH STREET, SUITE16",4026447314,68701,,"110 NORTH 16TH STREET, NORFOLK, NE, 68701"
21,MADISON,MIDTOWN HEALTH CENTER-MADISON,NE,222 S MAIN STREET,4024543304,68748,,"222 S MAIN STREET, MADISON, NE, 68748"
21,OMAHA,LIBERTY ELEMENTARY SCHOOL BASED CLINIC,NE,2021 STMARY'S AVENUE,4027344110,68102,,"2021 STMARY'S AVENUE, OMAHA, NE, 68102"
21,OMAHA,INDIAN HILLS ELEMENTARY SCHOOL,NE,3121 U STREET,4027344110,68107,,"3121 U STREET, OMAHA, NE, 68107"
21,OMAHA,SPRING LAKE ELEMENTARY SCHOOL,NE,4215 SOUTH 20TH STREET,4027344110,68107,,"4215 SOUTH 20TH STREET, OMAHA, NE, 68107"
21,BENSON,BELEVEDERE PUBLIC ELEMENTARY SCHOOL,NE,3775 CURTIS CURTIS AVE,4024571200,68104,,"3775 CURTIS CURTIS AVE, BENSON, NE, 68104"
21,OMAHA,NORTHWEST HIGH SCHOOL,NE,8204 CROWN POINT AVENUE,4024571200,68134,,"8204 CROWN POINT AVENUE, OMAHA, NE, 68134"
21,OMAHA,KING SCIENCE & TECH MAGNET,NE,3720 FLORENCE BLVD,4025025644,68110,,"3720 FLORENCE BLVD, OMAHA, NE, 68110"
21,OMAHA,KELLOM ELEMENTARY SCHOOL,NE,1131 NORTH 24TH STREET,4025025451,68102,,"1131 NORTH 24TH STREET, OMAHA, NE, 68102"
21,OMAHA,CHARLES DREW HEALTH CENTER INC,NE,600 S 27TH,4024571200,68105,,"600 S 27TH, OMAHA, NE, 68105"
21,OMAHA,CHARLES DREW HEALTH CENTER INC,NE,5100 FLORENCE BLVD,4024571200,68110,,"5100 FLORENCE BLVD, OMAHA, NE, 68110"
21,BELLEVUE,"ONEWORLD COMMUNITY HEALTH CENTERS, INC",NE,2207 GEORGIA AVENUE,4025028855,68005,,"2207 GEORGIA AVENUE, BELLEVUE, NE, 68005"
21,OMAHA,ONEWORLD SOUTH OMAHA ADOLESCENT CLINIC,NE,4310 SOUTH 24TH STREET,4025028880,68107,,"4310 SOUTH 24TH STREET, OMAHA, NE, 68107"
21,LINCOLN,PEOPLES HEALTH CENTER,NE,2301 O STREET,4024761455,68510,,"2301 O STREET, LINCOLN, NE, 68510"
21,SOUTH SIOUX CITY,SIOUXLAND COMMUNITY HEALTH CENTER SOUTH SIOUX CITY,NE,3410 FUTURES DRIVE,7122522477,68776,,"3410 FUTURES DRIVE, SOUTH SIOUX CITY, NE, 68776"
21,LINCOLN,THOMPSON CLINIC,NE,"2222 SOUTH 16TH STREET, SUITE 435",4024747445,68502,,"2222 SOUTH 16TH STREET, LINCOLN, NE, 68502"
21,OMAHA,CHARLES DREW HEALTH CENTER CAMPUS FOR HOPE,NE,1490 NORTH 16TH STREET,4023459880,68102,,"1490 NORTH 16TH STREET, OMAHA, NE, 68102"
21,OMAHA,CHARLES DREW HEALTH CENTER INC AT SIENA FRANCIS,NE,1111 NORTH 17TH STREET,4023468401,68102,,"1111 NORTH 17TH STREET, OMAHA, NE, 68102"
21,OMAHA,CHARLES DREW HEALTH CENTER AT ST RICHARDS,NE,4320 FORT STREET,4025589242,68111,,"4320 FORT STREET, OMAHA, NE, 68111"
21,NORFOLK,MIDTOWN HEALTH CENTER-NORFOLK AVE,NE,"900 WEST NORFOLK AVENUE, SUITE 100",4023718000,68701,,"900 WEST NORFOLK AVENUE, NORFOLK, NE, 68701"
21,OMAHA,FRED LEROY HEALTH & WELLNESS,NE,2602 J ST,4027383158,68107,,"2602 J ST, OMAHA, NE, 68107"
21,LINCOLN,BLUESTEM HEALTH KRESHEL CLINIC,NE,"3100 N14TH ST, STE 201",4024761455,68521,,"3100 N14TH ST,  LINCOLN, NE, 68521"
21,OMAHA,"CHARLES DREW HEALTH CENTER, INC",NE,5319 N 30TH ST STE A,4024571216,68111,,"5319 N 30TH ST, OMAHA, NE, 68111"
21,OMAHA,CHARLES DREW HEALTH CENTER INC AT OMAHA HOME FOR B,NE,5190 SPRAGUE PLZ STE201,3148721439,68104,,"5190 SPRAGUE PLZ, OMAHA, NE, 68104"
21,OMAHA,CHARLES DREW HEALTH CENTER INC,NE,"2120 N 30TH ST STE, 100",4024552829,68111,,"2120 N 30TH ST, OMAHA, NE, 68111"
21,NORFOLK,PONCA HILLS HEALTH & WELLNESS,NE,1800 SYRACUSE AVE,4027383158,68701,,"1800 SYRACUSE AVE, NORFOLK, NE, 68701"
21,OMAHA,ONE WORLD COMMUNITY HEALTH CENTERS INC,NE,2520 S 130TH AVE,4025028842,68144,,"2520 S 130TH AVE, OMAHA, NE, 68144"
21,LINCOLN,BLUESTEM HEALTH PIEDMONT CLINIC,NE,"1500 S 48TH ST, SUITE 412",4024761640,68506,,"1500 S 48TH ST, LINCOLN, NE, 68506"
21,NORFOLK,MIDTOWN XPRESS,NE,210 S 3RD ST,4023718000,68701,,"210 S 3RD ST, NORFOLK, NE, 68701"
21,WEST POINT,MIDTOWN HEALTH CENTER - WEST POINT,NE,435 N MONITOR ST,4023718000,68788,,"435 N MONITOR ST, WEST POINT, NE, 68788"
1,LINCOLN,MADONNA REHABILITATION SPECIALTY HOSPITAL LINCOLN,NE,5401 SOUTH ST,4024133000,68506,96,"5401 SOUTH ST, LINCOLN, NE, 68506"
1,OMAHA,SELECT SPECIALTY HOSPITAL - OMAHA (CENTRAL CAMPUS),NE,1870 SOUTH 75TH STREET,4023615830,68124,52,"1870 SOUTH 75TH STREET, OMAHA, NE, 68124"
1,LINCOLN,SELECT SPECIALTY HOSPITAL - LINCOLN,NE,2300 SOUTH 16TH STREET - 7TH FLOOR,4024838444,68502,24,"2300 SOUTH 16TH STREET - 7TH FLOOR, LINCOLN, NE, 68502"
1,OMAHA,MADONNA REHABILITATION SPECIALTY HOSPITAL OMAHA,NE,17500 BURKE STREET,4024013000,68118,32,"17500 BURKE STREET, OMAHA, NE, 68118"
1,LINCOLN,MADONNA REHABILITATION HOSPITAL LINCOLN,NE,5401 SOUTH ST,4024133000,68506,96,"5401 SOUTH ST, LINCOLN, NE, 68506"
1,OMAHA,MADONNA REHABILITATION HOSPITAL OMAHA,NE,17500 BURKE STREET,4024013000,68118,46,"17500 BURKE STREET, OMAHA, NE, 68118"
1,OMAHA,BOYS TOWN NATIONAL RESEARCH HOSPITAL,NE,555 NORTH 30TH ST,5313556524,68131,66,"555 NORTH 30TH ST, OMAHA, NE, 68131"
1,OMAHA,CHILDREN'S HOSPITAL & MEDICAL CENTER,NE,8200 DODGE ST,4029555400,68114,134,"8200 DODGE ST, OMAHA, NE, 68114"
12,CAMPBELL,FCMH CAMPBELL MEDICAL CLINIC,NE,148 SOUTH TAYLOR,4027568080,68932,,"148 SOUTH TAYLOR, CAMPBELL, NE, 68932"
12,LYONS,MERCYONE LYONS FAMILY MEDICINE CLINIC,NE,"220 MAIN, BOX 229",4026872171,68038,,"220 MAIN, LYONS, NE, 68038"
12,PLAINVIEW,CHI HEALTH CLINIC PLAINVIEW,NE,"704 NORTH 3RD STREET, BOX 490",4025824245,68769,,"704 NORTH 3RD STREET, PLAINVIEW, NE, 68769"
12,HOWELLS,CHI HEALTH CLINIC HOWELLS,NE,"P O BOX 98, 121 S 6TH STREET",4029861115,68641,,"121 S 6TH STREET, HOWELLS, NE, 68641"
12,TEKAMAH,COTTONWOOD RURAL HEALTH CLINIC,NE,3519 HIGHWAY 32,4023741585,68061,,"3519 HIGHWAY 32, TEKAMAH, NE, 68061"
12,CRAWFORD,LEGEND BUTTES HEALTH SERVICES-,NE,"P.O. BOX 272, 11 PADDOCK ST.",3086651770,69339,,"11 PADDOCK ST., CRAWFORD, NE, 69339"
12,MEAD,MEAD RURAL HEALTH CLINIC,NE,110 EAST FIRST STREET,4026242060,68041,,"110 EAST FIRST STREET, MEAD, NE, 68041"
12,HARRISON,HARRISON OUTREACH CLINIC,NE,435 KATE STREET,3086682236,69346,,"435 KATE STREET, HARRISON, NE, 69346"
12,SEWARD,SEWARD FAMILY MEDICAL CENTER,NE,250 NORTH COLUMBIA,4026434800,68434,,"250 NORTH COLUMBIA, SEWARD, NE, 68434"
12,SEWARD,MEMORIAL CLINIC - JACKSON,NE,311 JACKSON AVE,4026432956,68434,,"311 JACKSON AVE, SEWARD, NE, 68434"
12,SARGENT,SARGENT RURAL HEALTH CLINIC,NE,404 WEST MAIN,3085273731,68874,,"404 WEST MAIN, SARGENT, NE, 68874"
12,BRIDGEPORT,MORRILL COUNTY MEDICAL CENTER,NE,1309 R STREET,3082620773,69336,,"1309 R STREET, BRIDGEPORT, NE, 69336"
12,WYMORE,WYMORE MEDICAL CLINIC,NE,116 EAST H STREET,4026453310,68466,,"116 EAST H STREET, WYMORE, NE, 68466"
12,MINDEN,KEARNEY COUNTY HEALTH SERVICES,NE,727 EAST FIRST STREET,3088321440,68959,,"727 EAST FIRST STREET, MINDEN, NE, 68959"
12,SCHUYLER,CHI HEALTH CLINIC SCHUYLER,NE,1721 COLFAX STREET,4023523745,68661,,"1721 COLFAX STREET, SCHUYLER, NE, 68661"
12,AXTELL,AXTELL MEDICAL CLINIC,NE,408 EAST FIRST POB 146,3087432461,68924,,"408 EAST FIRST POB 146, AXTELL, NE, 68924"
12,SHELTON,SHELTON MEDICAL CLINIC,NE,302 C STREET POB 476,3086476828,68876,,"302 C STREET POB 476, SHELTON, NE, 68876"
12,HENDERSON,HENDERSON FAMILY CARE,NE,1621 FRONT STREET,4027234512,68371,,"1621 FRONT STREET, HENDERSON, NE, 68371"
12,SUTTON,SUTTON FAMILY CARE,NE,106 SOUTH SAUNDERS STREET,4027734121,68979,,"106 SOUTH SAUNDERS STREET, SUTTON, NE, 68979"
12,EXETER,FAMILY HEALTH CENTER RHC,NE,425 SOUTH EMPIRE AVENUE,4022665341,68351,,"425 SOUTH EMPIRE AVENUE, EXETER, NE, 68351"
12,BIG SPRINGS,VALLEY MEDICAL CLINIC OF BIG SPRINGS,NE,"PO BOX 299, 100 WEST 3RD",3088893376,69122,,"100 WEST 3RD, BIG SPRINGS, NE, 69122"
12,SPENCER,NIOBRARA VALLEY MEDICAL CLINIC,NE,108 EVANS,4025891580,68777,,"108 EVANS, SPENCER, NE, 68777"
12,WYMORE,COMMUNITY PHYSICIAN'S CLINIC,NE,100 NORTH 7TH,4026453733,68466,,"100 NORTH 7TH, WYMORE, NE, 68466"
12,CROFTON,AVERA MEDICAL GROUP CROFTON,NE,203 WEST MAIN STREET,4023882343,68730,,"203 WEST MAIN STREET, CROFTON, NE, 68730"
12,HARTINGTON,AVERA MEDICAL GROUP HARTINGTON,NE,405 WEST DARLENE STREET,4022543935,68739,,"405 WEST DARLENE STREET, HARTINGTON, NE, 68739"
12,PIERCE,ALEGENT HEALTH SERVICES,NE,503 NORTH 6TH STREET,4023296780,68767,,"503 NORTH 6TH STREET, PIERCE, NE, 68767"
12,BRIDGEPORT,MORRILL COUNTY HOSPITAL CLINIC,NE,1320 S STREET,3082621755,69336,,"1320 S STREET, BRIDGEPORT, NE, 69336"
12,MITCHELL,REGIONAL WEST PHYSICIANS CLINIC,NE,1456 CENTER AVENUE,3086231234,69357,,"1456 CENTER AVENUE, MITCHELL, NE, 69357"
12,MILFORD,MILFORD FAMILY MEDICAL CENTER,NE,119 SOUTH C STREET,4027613307,68405,,"119 SOUTH C STREET, MILFORD, NE, 68405"
12,BRUNING,BRUNING MEDICAL CLINIC,NE,108 SOUTH FILLMORE,4023532055,68322,,"108 SOUTH FILLMORE, BRUNING, NE, 68322"
12,HEBRON,HEBRON MEDICAL CLINIC,NE,120 PARK AVENUE,4027687203,68370,,"120 PARK AVENUE, HEBRON, NE, 68370"
12,CHESTER,CHESTER MEDICAL CLINIC,NE,116 HURON STREET,4023247101,68327,,"116 HURON STREET, CHESTER, NE, 68327"
12,DAVENPORT,DAVENPORT MEDICAL CLINIC,NE,105 NORTH LINDEN AVENUE,4023642105,68335,,"105 NORTH LINDEN AVENUE, DAVENPORT, NE, 68335"
12,KIMBALL,KIMBALL COUNTY HOSPITAL CLINIC,NE,505 SOUTH BURG STREET,3082351966,69145,,"505 SOUTH BURG STREET, KIMBALL, NE, 69145"
12,NELIGH,AMH FAMILY PRACTICE,NE,"P O BOX 109, 109 WEST 11TH",4028875440,68756,,"109 WEST 11TH, NELIGH, NE, 68756"
12,BURWELL,BURWELL FAMILY PRACTICE CLINIC,NE,410 SOUTH 8TH STREET,3083465544,68823,,"410 SOUTH 8TH STREET, BURWELL, NE, 68823"
12,OSHKOSH,REGIONAL WEST GARDEN COUNTY CLINIC,NE,1100 WEST 2ND STREET,3087723283,69154,,"1100 WEST 2ND STREET, OSHKOSH, NE, 69154"
12,STRATTON,QUALITY HEALTHCARE SERVICES MEDICAL CLINIC,NE,903 BAILEY STREET,3082762411,69043,,"903 BAILEY STREET, STRATTON, NE, 69043"
12,BENKELMAN,QUALITY HEALTHCARE SERVICES MEDICAL CLINIC,NE,1313 N. CHEYENNE - P O BOX 710,3084232151,69021,,"1313 N. CHEYENNE, BENKELMAN, NE, 69021"
12,BASSETT,ROCK COUNTY CLINIC,NE,801 S STATE STREET,4026842906,68714,,"801 S STATE STREET, BASSETT, NE, 68714"
12,TEKAMAH,BURGESS FAMILY CLINIC,NE,1121 SOUTH 13TH STREET,4023742474,68061,,"1121 SOUTH 13TH STREET, TEKAMAH, NE, 68061"
12,GENEVA,FAMILY HEALTH SERVICES,NE,1325 H STREET,4027594485,68361,,"1325 H STREET, GENEVA, NE, 68361"
12,DESHLER,THAYER CO HLTH SVS DESHLER MED,NE,615 4TH STREET,4023657604,68340,,"615 4TH STREET, DESHLER, NE, 68340"
12,GORDON,GORDON CLINIC,NE,807 N ASH,3082821442,69343,,"807 N ASH, GORDON, NE, 69343"
12,FALLS CITY,FAMILY MEDICINE,NE,3307 N BARADA STREET,4022454475,68355,,"3307 N BARADA STREET, FALLS CITY, NE, 68355"
12,GENOA,PARK STREET MEDICAL CLINIC PC,NE,505 SOUTH PARK STREET,4029932206,68640,,"505 SOUTH PARK STREET, GENOA, NE, 68640"
12,RUSHVILLE,RUSHVILLE CLINIC,NE,307 CONRAD STREET,3083272757,69360,,"307 CONRAD STREET, RUSHVILLE, NE, 69360"
12,HUMBOLDT,HUMBOLDT CLINIC LLC,NE,1120 GRAND AVENUE,4028622431,68376,,"1120 GRAND AVENUE, HUMBOLDT, NE, 68376"
12,HEMINGFORD,GREATER NEBRASKA MEDICAL & SURGICAL SERV-HEMINGFOR,NE,812 LARAMIE AVENUE,3084873322,69348,,"812 LARAMIE AVENUE, HEMINGFORD, NE, 69348"
12,ST PAUL,HOWARD COUNTY MEDICAL CLINIC,NE,1113 SHERMAN STREET,3087545447,68873,,"1113 SHERMAN STREET, ST PAUL, NE, 68873"
12,OAKLAND,MERCYONE OAKLAND FAMILY MEDICINE CLINIC,NE,211 NORTH ENGDAHL,4026855116,68045,,"211 NORTH ENGDAHL, OAKLAND, NE, 68045"
12,YUTAN,YUTAN FAMILY MEDICAL CENTER,NE,408 FIRST STREET,4026252990,68073,,"408 FIRST STREET, YUTAN, NE, 68073"
12,FULLERTON,NANCE COUNTY MEDICAL CLINIC,NE,405 BROADWAY STREET,3085362446,68638,,"405 BROADWAY STREET, FULLERTON, NE, 68638"
12,AINSWORTH,BROWN COUNTY CLINIC,NE,938 E ZERO STREET,4023872712,69210,,"938 E ZERO STREET, AINSWORTH, NE, 69210"
12,NIOBRARA,AVERA MEDICAL GROUP NIOBRARA,NE,"254-10 PARK AVE APT E, PO BOX 254",4028573398,68760,,"254-10 PARK AVE, NIOBRARA, NE, 68760"
12,CLARKSON,CHI HEALTH CLINIC CLARKSON,NE,322 PINE STREET,4028923466,68629,,"322 PINE STREET, CLARKSON, NE, 68629"
12,BLAIR,MCH PHYSICIANS BLAIR CLINIC,NE,812 NORTH 22ND STREET,4024264611,68008,,"812 NORTH 22ND STREET, BLAIR, NE, 68008"
12,BURWELL,VCHS MEDICAL CLINIC,NE,"150 NORTH 9TH AVENUE, SUITE B",3083465442,68823,,"150 NORTH 9TH AVENUE, BURWELL, NE, 68823"
12,NORTH LOUP,VCHS MEDICAL CLINIC,NE,111 SOUTH C STREET,3087284200,68859,,"111 SOUTH C STREET, NORTH LOUP, NE, 68859"
12,ORD,VCHS MEDICAL CLINIC,NE,"2707 L STREET, SUITE 1",3087284200,68862,,"2707 L STREET, ORD, NE, 68862"
12,VERDIGRE,AVERA MEDICAL GROUP VERDIGRE,NE,401 JAMES STREET,4026682216,68783,,"401 JAMES STREET, VERDIGRE, NE, 68783"
12,HYANNIS,GREATER NEBRASKA MEDICAL & SURGICAL SERV-HYANNIS,NE,111 SOUTH MAIN STREET,3084582436,69350,,"111 SOUTH MAIN STREET, HYANNIS, NE, 69350"
12,CRETE,CRETE AREA MEDICAL CENTER,NE,2910 BETTEN DRIVE,4028262102,68333,,"2910 BETTEN DRIVE, CRETE, NE, 68333"
12,WILBER,WILBER MEDICAL CLINIC,NE,203 WEST 4TH STREET,4028213293,68465,,"203 WEST 4TH STREET, WILBER, NE, 68465"
12,SYRACUSE,SYRACUSE AREA HEALTH,NE,2731 HEALTHCARE DRIVE,4022692411,68446,,"2731 HEALTHCARE DRIVE, SYRACUSE, NE, 68446"
12,ORCHARD,ORCHARD MEDICAL CLINIC,NE,103 WASHINGTON STREET,4028935155,68764,,"103 WASHINGTON STREET, ORCHARD, NE, 68764"
12,ELGIN,AMH ELGIN CLINIC,NE,101 WEST CEDAR STREET,4028435444,68636,,"101 WEST CEDAR STREET, ELGIN, NE, 68636"
12,CLEARWATER,AMH CLEARWATER CLINIC,NE,308 NEVADA STREET,4024852277,68726,,"308 NEVADA STREET, CLEARWATER, NE, 68726"
12,TILDEN,AMH-TILDEN CLINIC,NE,200 S ANTELOPE STREET,4023685520,68781,,"200 S ANTELOPE STREET, TILDEN, NE, 68781"
12,ARNOLD,ARNOLD MEDICAL CLINIC,NE,104 NORTH BROADWAY STREET,3088483259,69120,,"104 NORTH BROADWAY STREET, ARNOLD, NE, 69120"
12,CALLAWAY,CALLAWAY MEDICAL CLINIC,NE,213 EAST KIMBALL STREET,3088362294,68825,,"213 EAST KIMBALL STREET, CALLAWAY, NE, 68825"
12,VALENTINE,CHERRY COUNTY CLINIC,NE,512 NORTH GREEN STREET,4023763770,69201,,"512 NORTH GREEN STREET, VALENTINE, NE, 69201"
12,SUPERIOR,SUPERIOR FAMILY MEDICAL CENTER,NE,"PO BOX 407, 525 EAST 11TH STREET",4028794781,68978,,"525 EAST 11TH STREET, SUPERIOR, NE, 68978"
12,NELSON,SUPERIOR FAMILY MEDICAL CENTER,NE,76 WEST 8TH STREET,4022252375,68961,,"76 WEST 8TH STREET, NELSON, NE, 68961"
12,ALBION,BOONE COUNTY MEDICAL CLINIC,NE,1019 SOUTH 8TH STREET,4023955013,68620,,"1019 SOUTH 8TH STREET, ALBION, NE, 68620"
12,SPALDING,SPALDING MEDICAL CLINIC,NE,131 E SULLIVAN STREET,3084972485,68665,,"131 E SULLIVAN STREET, SPALDING, NE, 68665"
12,WEST POINT,DINKLAGE MEDICAL CLINIC,NE,500 EAST DECATUR,4023722477,68788,,"500 EAST DECATUR, WEST POINT, NE, 68788"
12,HOWELLS,HOWELLS FAMILY PRACTICE,NE,119 SOUTH 3RD STREET,4029860830,68641,,"119 SOUTH 3RD STREET, HOWELLS, NE, 68641"
12,WISNER,WISNER FAMILY PRACTICE,NE,2100 21ST CIRCLE SUITE A,4025296516,68791,,"2100 21ST CIRCLE, WISNER, NE, 68791"
12,OAKLAND,OAKLAND FAMILY PRACTICE,NE,100 WEST 9TH STREET,4026855120,68045,,"100 WEST 9TH STREET, OAKLAND, NE, 68045"
12,SCRIBNER,SCRIBNER MEDICAL CLINIC,NE,429 MAIN STREET,4026643414,68057,,"429 MAIN STREET, SCRIBNER, NE, 68057"
12,TILDEN,TILDEN COMMUNITY HOSPITAL MEDICAL CLINIC,NE,306 WEST 2ND,4023689964,68781,,"306 WEST 2ND, TILDEN, NE, 68781"
12,ATKINSON,WEST HOLT MEDICAL CLINIC,NE,405 WEST PEARL STREET,4029252811,68713,,"405 WEST PEARL STREET, ATKINSON, NE, 68713"
12,WAUNETA,CHASE COUNTY CLINIC,NE,308 NORTH TECUMSEH STREET,3083945593,69045,,"308 NORTH TECUMSEH STREET, WAUNETA, NE, 69045"
12,IMPERIAL,CHASE COUNTY CLINIC,NE,600 WEST 12TH STREET,3088827299,69033,,"600 WEST 12TH STREET, IMPERIAL, NE, 69033"
12,STUART,TRI-COUNTY MEDICAL CLINIC,NE,106 NORTH MAIN,4029243995,68780,,"106 NORTH MAIN, STUART, NE, 68780"
12,BASSETT,BASSETT FAMILY CLINIC,NE,103 CLARK,4026843245,68714,,"103 CLARK, BASSETT, NE, 68714"
12,HUMBOLDT,HUMBOLDT FAMILY MEDICINE,NE,1120 GRAND AVENUE,4028623280,68376,,"1120 GRAND AVENUE, HUMBOLDT, NE, 68376"
12,SUTTON,SUTTON FAMILY PRACTICE,NE,208 NORTH FRENCH AVENUE,4027732130,68979,,"208 NORTH FRENCH AVENUE, SUTTON, NE, 68979"
12,EDGAR,EDGAR MEDICAL CLINIC,NE,315 NORTH C STREET,4022243344,68935,,"315 NORTH C STREET, EDGAR, NE, 68935"
12,EDGAR,EDGAR MEDICAL CLINIC,NE,315 NORTH C STREET,4022243344,68935,,"315 NORTH C STREET, EDGAR, NE, 68935"
12,SUTTON,SUTTON MEDICAL CLINIC,NE,301 SOUTH WAY,4027735553,68979,,"301 SOUTH WAY, SUTTON, NE, 68979"
12,BLUE HILL,BLUE HILL MEDICAL CLINIC,NE,102 NORTH PINE,4027562141,68930,,"102 NORTH PINE, BLUE HILL, NE, 68930"
12,ADAMS,ADAMS PRIMARY CARE,NE,"PO BOX 963, 620 MAIN STREET, SUITE A",4029882188,68301,,"620 MAIN STREET,  ADAMS, NE, 68301"
12,CALLAWAY,CALLAWAY MEDICAL CLINIC,NE,213 KIMBALL STREET,3088362294,68825,,"213 KIMBALL STREET, CALLAWAY, NE, 68825"
12,ARNOLD,ARNOLD MEDICAL CLINIC,NE,301 WEST ARNOLD AVENUE,3088483259,69120,,"301 WEST ARNOLD AVENUE, ARNOLD, NE, 69120"
12,ORD,ORD FAMILY HEALTH CENTER PC,NE,207 SOUTH 26TH STREET,3087283606,68862,,"207 SOUTH 26TH STREET, ORD, NE, 68862"
12,BURWELL,BURWELL MEDICAL CLINIC,NE,280 NORTH 8TH STREET,3083465442,68823,,"280 NORTH 8TH STREET, BURWELL, NE, 68823"
12,HUMBOLDT,HUMBOLDT CLINIC - LLC,NE,802 FOURTH STREET,4028622431,68376,,"802 FOURTH STREET, HUMBOLDT, NE, 68376"
12,STELLA,HUMBOLDT FAMILY PRACTICE PC,NE,104 SOUTH MAIN,4028832120,68442,,"104 SOUTH MAIN, STELLA, NE, 68442"
12,SUPERIOR,WESTSIDE HEALTH SERVICES,NE,254 WEST 4TH BOX 130,4028794856,68978,,"254 WEST 4TH, SUPERIOR, NE, 68978"
12,PIERCE,PIERCE CLINIC,NE,503 NORTH 6TH STREET BOX 40,4023296295,68767,,"503 NORTH 6TH STREET, PIERCE, NE, 68767"
12,OAKLAND,OAKLAND MEDICAL CLINIC,NE,211 NORTH ENGDAHL,4026855116,68045,,"211 NORTH ENGDAHL, OAKLAND, NE, 68045"
12,RED CLOUD,MAIN STREET MEDICAL CLINIC,NE,"313 NORTH WEBSTER, P O BOX 467",4027462282,68970,,"313 NORTH WEBSTER,  RED CLOUD, NE, 68970"
12,BUTTE,AVERA MEDICAL GROUP BUTTE,NE,730 WILSON,4027752508,68722,,"730 WILSON, BUTTE, NE, 68722"
12,EMERSON,EMERSON MERCY MEDICAL CLINIC,NE,1012 S MAIN ST,4026952453,68733,,"1012 S MAIN ST, EMERSON, NE, 68733"
12,HARTINGTON,FAMILY MEDICINE CENTER,NE,405 W DARLENE,4022543935,68739,,"405 W DARLENE, HARTINGTON, NE, 68739"
12,BEEMER,BEEMER MEDICAL CLINIC,NE,212 MAIN STREET,4025283288,68716,,"212 MAIN STREET, BEEMER, NE, 68716"
12,EXETER,EXETER MEDICAL CLINIC,NE,425 SOUTH EMPIRE AVENUE,4022665341,68351,,"425 SOUTH EMPIRE AVENUE, EXETER, NE, 68351"
12,STROMSBURG,STROMSBURG MEDICAL CLINIC,NE,"PO BOX 406, 208 COMMERCIAL STREET",4027645511,68666,,"208 COMMERCIAL STREET, STROMSBURG, NE, 68666"
12,HENDERSON,HENDERSON FAMILY CARE,NE,POB 158 - 1060 NORTH MAIN,4027234445,68371,,"POB 158 - 1060 NORTH MAIN, HENDERSON, NE, 68371"
12,MORRILL,REGIONAL WEST PHYSICIANS CLINIC,NE,302 CENTER AVENUE,3082473475,69358,,"302 CENTER AVENUE, MORRILL, NE, 69358"
12,NORTH LOUP,NORTH LOUP MEDICAL CINIC,NE,2ND AND C STREETS,3084963407,68859,,"2ND AND C STREETS, NORTH LOUP, NE, 68859"
12,BAYARD,BAYARD MEDICAL CLINIC,NE,236 EAST 13TH STREET,3085861491,69341,,"236 EAST 13TH STREET, BAYARD, NE, 69341"
12,BIG SPRINGS,VALLEY MEDICAL CLINIC,NE,100 THIRD STREET BOX 299,3088893376,69122,,"100 THIRD STREET, BIG SPRINGS, NE, 69122"
12,DESHLER,THE FAIRBURY CLINIC P C AT DES,NE,614 4TH STREET,4023657231,68340,,"614 4TH STREET, DESHLER, NE, 68340"
12,FAIRBURY,THE FAIRBURY CLINIC,NE,825 22ND ST,4027293361,68352,,"825 22ND ST, FAIRBURY, NE, 68352"
12,HEMINGFORD,HEMINGFORD CLINIC,NE,812 LARAMIE AVENUE,3084873322,69348,,"812 LARAMIE AVENUE, HEMINGFORD, NE, 69348"
12,CROFTON,FAMILY MEDICINE CENTER,NE,1103 WEST 2ND,4023882343,68730,,"1103 WEST 2ND, CROFTON, NE, 68730"
12,TRENTON,TRENTON REGIONAL MEDICAL CENTER,NE,406 EAST 1ST STREET,3083345155,69044,,"406 EAST 1ST STREET, TRENTON, NE, 69044"
12,BRADY,BRADY RURAL HEALTH CLINIC,NE,114 NORTH MAIN STREET,3085843770,69123,,"114 NORTH MAIN STREET, BRADY, NE, 69123"
12,PENDER,PENDER MEDICAL CLINIC,NE,P O BOX 609- 100 VALLEY VIEW DRIVE,4023853033,68047,,"100 VALLEY VIEW DRIVE, PENDER, NE, 68047"
12,EXETER,EXETER MEDICAL CLINIC,NE,"PO BOX 59, 425 SOUTH EMPIRE",4022665341,68351,,"425 SOUTH EMPIRE, EXETER, NE, 68351"
12,BURWELL,BURWELL FAMILY PRACTICE CLINIC,NE,"410 SOUTH 8TH AVENUE, PO BOX 906",3083465544,68823,,"410 SOUTH 8TH AVENUE, PO BOX 906, BURWELL, NE, 68823"
12,BANCROFT,BANCROFT MEDICAL CLINIC,NE,219 MAIN STREET,4026487606,68004,,"219 MAIN STREET, BANCROFT, NE, 68004"
12,LOUP CITY,SHERMAN COUNTY MEDICAL CLINIC,NE,PO BOX 427  130 NORTH 6TH STREET,3087450801,68853,,"130 NORTH 6TH STREET, LOUP CITY, NE, 68853"
12,RAVENNA,RAVENNA MEDICAL CLINIC,NE,104 WEST SENECCA,3084523202,68869,,"104 WEST SENECCA, RAVENNA, NE, 68869"
12,SHELTON,SHELTON MEDICAL CLINIC,NE,302 C STREET,3086476828,68876,,"302 C STREET, SHELTON, NE, 68876"
12,AXTELL,AXTELL MEDICAL CLINIC,NE,408 E FIRST,3087432461,68924,,"408 E FIRST, AXTELL, NE, 68924"
12,SCHUYLER,SCHUYLER FAMILY HEALTH CARE,NE,214 EAST 10TH STREET,4023527933,68661,,"214 EAST 10TH STREET, SCHUYLER, NE, 68661"
12,HUMBOLDT,HUMBOLDT CLINIC LLC,NE,1120 GRAND AVENUE,4028622431,68376,,"1120 GRAND AVENUE, HUMBOLDT, NE, 68376"
12,GENEVA,"FILLMORE COUNTY MEDICAL CENTER, PC",NE,1840 F STREET,4027594485,68361,,"1840 F STREET, GENEVA, NE, 68361"
12,GOTHENBURG,COSTA FAMILY PRACTICE,NE,1720 AVENUE A,3085372222,69138,,"1720 AVENUE A, GOTHENBURG, NE, 69138"
12,FRIEND,FRIEND MEDICAL CLINIC,NE,1210 SECOND STREET,4029472021,68359,,"1210 SECOND STREET, FRIEND, NE, 68359"
12,CENTRAL CITY,LONE TREE MEDICAL CLINIC,NE,2510 18TH AVENUE,3089463845,68826,,"2510 18TH AVENUE, CENTRAL CITY, NE, 68826"
12,FULLERTON,LONE TREE MEDICAL CLINIC,NE,901 BROADWAY STREET,3085362458,68638,,"901 BROADWAY STREET, FULLERTON, NE, 68638"
12,PONCA,ST LUKE'S CLINIC,NE,111 2ND STREET,4027552231,68770,,"111 2ND STREET, PONCA, NE, 68770"
12,GOTHENBURG,COSTA FAMILY PRACTICE,NE,514 9TH STREET,3085372222,69138,,"514 9TH STREET, GOTHENBURG, NE, 69138"
12,WAYNE,WAYNE MERCY MEDICAL CLINIC,NE,615 EAST 14TH STREET,4023752500,68787,,"615 EAST 14TH STREET, WAYNE, NE, 68787"
12,LAUREL,LAUREL MERCY MEDICAL CLINIC,NE,701 CEDAR,4022563042,68745,,"701 CEDAR, LAUREL, NE, 68745"
12,WAKEFIELD,WAKEFIELD MERCY MEDICAL CLINIC,NE,308 ASH STREET,4022872267,68784,,"308 ASH STREET, WAKEFIELD, NE, 68784"
12,WISNER,WISNER MERCY MEDICAL CLINIC,NE,1101 9TH STREET,4025293218,68791,,"1101 9TH STREET, WISNER, NE, 68791"
12,TECUMSEH,TECUMSEH FAMILY HEALTH,NE,"PO BOX 538, 509 BROADWAY STREET",4023352811,68450,,"509 BROADWAY STREET, TECUMSEH, NE, 68450"
12,ADAMS,ADAMS PRIMARY CARE,NE,"PO BOX 963, 620 MAIN STREET, SUITE A",4029882188,68301,,"620 MAIN STREET, ADAMS, NE, 68301"
12,CRETE,SALINE MEDICAL SPECIALTIES,NE,969 EAST HIGHWAY 33,4028263222,68333,,"969 EAST HIGHWAY 33, CRETE, NE, 68333"
12,ALLIANCE,SANDHILLS FAMILY CENTER RHC,NE,"2091 BOX BUTTE AVENUE, SUITE 200",3087624300,69301,,"2091 BOX BUTTE AVENUE,  ALLIANCE, NE, 69301"
12,NEBRASKA CITY,NEBRASKA CITY MEDICAL CLINIC,NE,1700 14TH AVENUE,4028734242,68410,,"1700 14TH AVENUE, NEBRASKA CITY, NE, 68410"
12,SIDNEY,SIDNEY REGIONAL MEDICAL CENTER PHYSICIANS CLINIC,NE,1625 DORWART DRIVE,3082545544,69162,,"1625 DORWART DRIVE, SIDNEY, NE, 69162"
12,CHAPPELL,SIDNEY REGIONAL MEDICAL CENTER PHYSICIANS CLINIC,NE,5262 VINCENT AVENUE,3088742255,69129,,"5262 VINCENT AVENUE, CHAPPELL, NE, 69129"
12,MINDEN,MINDEN FAMILY PRACTICE CLINIC,NE,345 NORTH MINDEN AVENUE,3088320330,68959,,"345 NORTH MINDEN AVENUE, MINDEN, NE, 68959"
12,SAINT EDWARD,ST EDWARD MEDICAL CLINIC,NE,1102 WATER STREET,4026782232,68660,,"1102 WATER STREET, SAINT EDWARD, NE, 68660"
12,CEDAR RAPIDS,CEDAR RAPIDS MEDICAL CLINIC,NE,106 S 3RD STREET,3083580615,68627,,"106 S 3RD STREET, CEDAR RAPIDS, NE, 68627"
12,STUART,GREATER SANDHILLS FAMILY HEALTHCARE PC,NE,110 W 2ND STREET,4029243777,68780,,"110 W 2ND STREET, STUART, NE, 68780"
12,BASSETT,GREATER SANDHILLS FAMILY HEALTHCARE PC,NE,"P O BOX 146, 101 E SOUTH STREET",4026842285,68714,,"101 E SOUTH STREET, BASSETT, NE, 68714"
12,ATKINSON,GREATER SANDHILLS FAMILY HEALTHCARE PC,NE,418 E 5TH STREET,4029252994,68713,,"418 E 5TH STREET, ATKINSON, NE, 68713"
12,DAVID CITY,WITTER FAMILY MEDICINE,NE,"358 S 10TH, P O BOX 110",4023673322,68632,,"358 S 10TH, DAVID CITY, NE, 68632"
12,MITCHELL,REGIONAL WEST PHYSICIANS CLINIC,NE,1456 CENTER AVENUE,3086231234,69357,,"1456 CENTER AVENUE, MITCHELL, NE, 69357"
12,PONCA,MERCYONE PONCA FAMILY MEDICINE,NE,111 2ND STREET,4027552231,68770,,"111 2ND STREET, PONCA, NE, 68770"
12,HOOPER,HOOPER MERCY MEDICAL CLINIC,NE,600 EAST FULTON STREET,4026857580,68031,,"600 EAST FULTON STREET, HOOPER, NE, 68031"
12,VALENTINE,"VALENTINE MEDICAL CLINIC, LLC",NE,502 N CHERRY STREET,4023762200,69201,,"502 N CHERRY STREET, VALENTINE, NE, 69201"
12,BEATRICE,GAGE COUNTY MEDICAL CLINIC,NE,1101 NORTH 10TH STREET,4022283436,68310,,"1101 NORTH 10TH STREET, BEATRICE, NE, 68310"
12,BEATRICE,BEATRICE INTERNAL MEDICINE,NE,1201 NORTH 10TH STREET,4022283545,68310,,"1201 NORTH 10TH STREET, BEATRICE, NE, 68310"
12,GOTHENBURG,GOTHENBURG FAMILY PRACTICE RURAL HEALTH CLINIC LLC,NE,918 20TH STREET,3085377131,69138,,"918 20TH STREET, GOTHENBURG, NE, 69138"
12,GOTHENBURG,GOTHENBURG MEDICAL ARTS RURAL HEALTH CLINIC,NE,"619 10TH STREET, P O BOX 389",3085373673,69138,,"619 10TH STREET, GOTHENBURG, NE, 69138"
12,BEATRICE,BEATRICE MEDICAL CENTER,NE,805 WEST COURT,4022283366,68310,,"805 WEST COURT, BEATRICE, NE, 68310"
12,GENOA,PARK STREET MEDICAL CLINIC,NE,505 SOUTH PARK STREET,4029932206,68640,,"505 SOUTH PARK STREET, GENOA, NE, 68640"
12,O' NEILL,ELKHORN VALLEY FAMILY MEDICINE PC,NE,304 E DOUGLAS STREET,4023364222,68763,,"304 E DOUGLAS STREET, O' NEILL, NE, 68763"
12,OXFORD,OXFORD MEDICAL CLINIC,NE,811 HOWELL STREET  PO BOX 415,3088243288,68967,,"811 HOWELL STREET, OXFORD, NE, 68967"
12,ARAPAHOE,ARAPAHOE MEDICAL CLINIC,NE,"P.O. BOX 389, 305 NEBRASKA AVENUE",3089628495,68922,,"305 NEBRASKA AVENUE, ARAPAHOE, NE, 68922"
12,CAMBRIDGE,CAMBRIDGE MEDICAL CENTER,NE,"P.O. BOX 488, 1305 WEST HIGHWAY 6/34",3086973317,69022,,"1305 WEST HIGHWAY 6, CAMBRIDGE, NE, 69022"
12,BEAVER CITY,BEAVER CITY MEDICAL CLINIC,NE,515 TENTH STREET  PO BOX 161,3082687335,68926,,"515 TENTH STREET, BEAVER CITY, NE, 68926"
12,PRAGUE,PRAGUE CLINIC,NE,"P O BOX 53, 104 N RAILWAY",4026635212,68050,,"104 N RAILWAY, PRAGUE, NE, 68050"
12,CURTIS,CURTIS MEDICAL CENTER,NE,302 EAST 6TH STREET,3083674162,69025,,"302 EAST 6TH STREET, CURTIS, NE, 69025"
12,ALBION,ALBION MEDICAL CLINIC,NE,632 WEST FAIRVIEW,4023955013,68620,,"632 WEST FAIRVIEW, ALBION, NE, 68620"
12,NEWMAN GROVE,NEWMAN GROVE MEDICAL CLINIC,NE,104 NORTH FIRST,4024476214,68758,,"104 NORTH FIRST, NEWMAN GROVE, NE, 68758"
12,PAWNEE CITY,PAWNEE COUNTY RURAL HEALTH CLINIC,NE,"600  I  STREET, P O BOX 433",4028522311,68420,,"600  I  STREET, PAWNEE CITY, NE, 68420"
12,INDIANOLA,INDIANOLA MEDICAL CLINIC,NE,119 SOUTH FOURTH,3083649290,69034,,"119 SOUTH FOURTH, INDIANOLA, NE, 69034"
12,RAVENNA,RAVENNA MEDICAL CLINIC,NE,104 WEST SENECA STREET,3084523203,68869,,"104 WEST SENECA STREET, RAVENNA, NE, 68869"
12,SCHUYLER,FAMILY MEDICAL GROUP,NE,108 WEST 17TH STREET,4023523766,68661,,"108 WEST 17TH STREET, SCHUYLER, NE, 68661"
12,BENKELMAN,QUALITY HEALTHCARE SRVCS MED CLINIC,NE,1313 NORTH CHEYENNE STREET,3084232204,69021,,"1313 NORTH CHEYENNE STREET, BENKELMAN, NE, 69021"
12,GRANT,GRANT MEDICAL CLINIC,NE,912 CENTRAL AVENUE,3083527100,69140,,"912 CENTRAL AVENUE, GRANT, NE, 69140"
12,WAHOO,SAUNDERS MEDICAL CENTER - CLINIC,NE,1760 COUNTY ROAD J,4024434191,68066,,"1760 COUNTY ROAD J, WAHOO, NE, 68066"
12,BASSETT,ROCK COUNTY CLINIC,NE,102 EAST SOUTH,4026843366,68714,,"102 EAST SOUTH, BASSETT, NE, 68714"
12,SARGENT,SARGENT RURAL HEALTH CLINIC,NE,POB 10,3085273731,68874,,"POB 10, SARGENT, NE, 68874"
12,OSHKOSH,OSHKOSH MEDICAL CLINIC,NE,104 WEST AVENUE D,3087723264,69154,,"104 WEST AVENUE D, OSHKOSH, NE, 69154"
12,UTICA,MEMORIAL CLINIC-UTICA,NE,100 4TH STREET,4025342081,68456,,"100 4TH STREET, UTICA, NE, 68456"
12,LOUP CITY,SHERMAN COUNTY MEDICAL CLINIC,NE,130 NORTH 6TH STREET,3087450801,68853,,"130 NORTH 6TH STREET, LOUP CITY, NE, 68853"
12,TECUMSEH,TECUMSEH FAMILY HEALTH,NE,"202 HIGH STREET, SUITE 100",4023352811,68450,,"202 HIGH STREET, TECUMSEH, NE, 68450"
12,BAYARD,CHIMNEY ROCK MEDICAL CENTER,NE,320 MAIN,3085861717,69334,,"320 MAIN, BAYARD, NE, 69334"
12,HILDRETH,FCMH HILDRETH MEDICAL CLINIC,NE,511 HUBBARD,3089384885,68947,,"511 HUBBARD, HILDRETH, NE, 68947"
12,FRANKLIN,FCMH POOL MEDICAL CLINIC,NE,121 15TH AVE,3084256249,68939,,"121 15TH AVE, FRANKLIN, NE, 68939"
1,HASTINGS,HASTINGS REGIONAL CENTER,NE,"P O BOX 579, 4200 W 2ND ST",4024621971,68902,30,"4200 W 2ND ST, HASTINGS, NE, 68902"
1,LINCOLN,LINCOLN REGIONAL CENTER,NE,801 W PROSPECTOR,4024714444,68522,240,"801 W PROSPECTOR, LINCOLN, NE, 68522"
1,NORFOLK,NORFOLK REGIONAL CENTER,NE,"P O BOX 1209, 1700 NORTH VICTORY RD",4023703400,68701,208,"1700 NORTH VICTORY RD, NORFOLK, NE, 68701"
1,OMAHA,NEBRASKA PSYCHIATRIC INSTITUTE,NE,602 SOUTH 45TH ST,4025595000,68106,95,"602 SOUTH 45TH ST, OMAHA, NE, 68106"
1,SEWARD,RIVENDELL PSYCHIATRIC CENTER,NE,3770 RIVENDELL DRIVE,8007427414,68434,40,"3770 RIVENDELL DRIVE, SEWARD, NE, 68434"
1,KEARNEY,RICHARD H YOUNG HOSPITAL,NE,"P O BOX 1750, 1755 PRAIRIE VIEW PL",3082362000,68847,80,"1755 PRAIRIE VIEW PL, KEARNEY, NE, 68847"
1,OMAHA,RICHARD YOUNG CENTER,NE,515 SOUTH 26TH STREET,4023546687,68105,303,"515 SOUTH 26TH STREET, OMAHA, NE, 68105"
1,OMAHA,DOUGLAS COUNTY HEALTH CENTER,NE,4102 WOOLWORTH AVE,4024447676,68105,30,"4102 WOOLWORTH AVE, OMAHA, NE, 68105"
12,BEEMER,BEEMER MEDICAL CLINIC,NE,212 MAIN STREET,4025283288,68716,,"212 MAIN STREET, BEEMER, NE, 68716"
12,WEEPING WATER,WEEPING WATER MEDICAL CENTER,NE,204 NORTH RANDOLPH STREET,4022675330,68463,,"204 NORTH RANDOLPH STREET, WEEPING WATER, NE, 68463"
12,TRENTON,TRENTON REGIONAL MEDICAL CENTER,NE,406 EAST 1ST STREET,3083345155,69044,,"406 EAST 1ST STREET, TRENTON, NE, 69044"
12,TEKAMAH,MERCYONE TEKAMAH FAMILY MEDICINE CLINIC,NE,1121 SOUTH 13TH STREET,4026857590,68061,,"1121 SOUTH 13TH STREET, TEKAMAH, NE, 68061"
12,ALLIANCE,GREATER NEBRASKA MEDICAL & SURGICAL SERV-ALLIANCE,NE,"2091 BOX BUTTE AVENUE, SUITE 200 & SUITE 700",3087627244,69301,,"2091 BOX BUTTE AVENU, ALLIANCE, NE, 69301"
12,BEATRICE,THE BEATRICE WOMEN'S AND CHILDREN'S CLINIC,NE,"4800 HOSPITAL PARKWAY, SUITE 202",4022283117,68310,,"4800 HOSPITAL PARKWAY, BEATRICE, NE, 68310"
12,HOOPER,HOOPER MERCY MEDICAL CLINIC,NE,600 EAST FULTON STREET,4026857580,68031,,"600 EAST FULTON STREET, HOOPER, NE, 68031"
12,FORT CALHOUN,FORT CALHOUN CLINIC,NE,4929 COUNTY ROAD P43,4024684655,68023,,"4929 COUNTY ROAD P43, FORT CALHOUN, NE, 68023"
12,O' NEILL,AVERA MEDICAL GROUP O'NEILL,NE,300 NORTH 2ND STREET,4023362900,68763,,"300 NORTH 2ND STREET, O' NEILL, NE, 68763"
12,O' NEILL,AVERA O'NEILL FAMILY MEDICINE,NE,403 E HYNES,4023362622,68763,,"403 E HYNES, O' NEILL, NE, 68763"
12,PIERCE,AVERA MEDICAL GROUP PIERCE,NE,503 N 6TH STREET,4023296780,68767,,"503 N 6TH STREET, PIERCE, NE, 68767"
12,PALMER,PALMER CLINIC,NE,708 ROLLINS AVENUE,3089463015,68864,,"708 ROLLINS AVENUE, PALMER, NE, 68864"
12,GREELEY,GREELEY MEDICAL CLINIC,NE,109 WEST O'CONNOR AVENUE,3084283018,68842,,"109 WEST O'CONNOR AVENUE, GREELEY, NE, 68842"
12,COZAD,COZAD COMMUNITY MEDICAL CLINIC,NE,"P O BOX 86, 1803 PAPIO LANE",3087843039,69130,,"1803 PAPIO LANE, COZAD, NE, 69130"
12,CHAPPELL,SIDNEY REG MEDICAL CTR PHYSICIANS CLINIC-CHAPPELL,NE,562 VINCENT AVENUE,3088742255,69129,,"562 VINCENT AVENUE, CHAPPELL, NE, 69129"
12,SIDNEY,SIDNEY REGIONAL MEDICAL CENTER PHYSICIANS CLINIC,NE,1000 POLE CREEK XING,3082545544,69162,,"1000 POLE CREEK XING, SIDNEY, NE, 69162"
12,OXFORD,HEARTLAND FAMILY MEDICINE,NE,811 HOWELL STREET,3088243288,68967,,"811 HOWELL STREET, OXFORD, NE, 68967"
12,ALMA,HEARTLAND FAMILY MEDICINE,NE,906 7TH STREET,3089282103,68920,,"906 7TH STREET, ALMA, NE, 68920"
12,TECUMSEH,JOHNSON COUNTY MEDICAL CENTER,NE,292 BROADWAY STREET,4023353371,68450,,"292 BROADWAY STREET, TECUMSEH, NE, 68450"
12,BEATRICE,GAGE COUNTY MEDICAL CLINIC,NE,1101 NORTH 10TH STREET,4022283436,68310,,"1101 NORTH 10TH STREET, BEATRICE, NE, 68310"
12,HUMPHREY,HUMPHREY MEDICAL CLINIC,NE,303 MAIN STREET,4029230412,68642,,"303 MAIN STREET, HUMPHREY, NE, 68642"
12,AINSWORTH,AINSWORTH FAMILY CLINIC,NE,913 EAST ZERO STREET,4023871900,69210,,"913 EAST ZERO STREET, AINSWORTH, NE, 69210"
12,CREIGHTON,AVERA MEDICAL GROUP LAFLAN,NE,804 CHASE AVENUE,4023585335,68729,,"804 CHASE AVENUE, CREIGHTON, NE, 68729"
12,NEBRASKA CITY,NEBRASKA CITY MEDICAL CLINIC,NE,"1301 GRUNDEMAN BLVD, SUITE A",4028734242,68410,,"1301 GRUNDEMAN BLVD, NEBRASKA CITY, NE, 68410"
12,BEATRICE,BEATRICE MEDICAL CENTER,NE,805 WEST COURT STREET,4022283366,68310,,"805 WEST COURT STREET, BEATRICE, NE, 68310"
12,BEATRICE,BEATRICE INTERNAL MEDICINE,NE,4800 HOSPITAL PARKWAY,4022283545,68310,,"4800 HOSPITAL PARKWAY, BEATRICE, NE, 68310"
12,EMERSON,EMERSON MEDICAL CLINIC,NE,1012 S MAIN ST,4026952453,68733,,"1012 S MAIN ST, EMERSON, NE, 68733"
12,PENDER,PENDER MEDICAL CLINIC,NE,"958 WELLNESS WAY, SUITE 1",4023853033,68047,,"958 WELLNESS WAY, PENDER, NE, 68047"
12,BANCROFT,BANCROFT MEDICAL CLINIC,NE,219 MAIN STREET,4026487606,68004,,"219 MAIN STREET, BANCROFT, NE, 68004"
12,LOUP CITY,VCHS MEDICAL CLINIC,NE,"130 NORTH 6TH STREET, SUITE B",3087450324,68853,,"130 NORTH 6TH STREET, LOUP CITY, NE, 68853"
12,FULLERTON,FULLERTON MEDICAL CLINIC,NE,901 BROADWAY STREET,3085362458,68638,,"901 BROADWAY STREET, FULLERTON, NE, 68638"
12,CENTRAL CITY,CENTRAL CITY MEDICAL CLINIC,NE,2510 18TH AVENUE,3089463845,68826,,"2510 18TH AVENUE, CENTRAL CITY, NE, 68826"
12,POTTER,KHS POTTER CLINIC,NE,922 1/2 SHERMAN STREET,3088790155,69156,,"922 1/2 SHERMAN STREET, POTTER, NE, 69156"
12,RANDOLPH,RANDOLPH FAMILY PRACTICE CLINIC,NE,106 E WAYNE STREET,4023370200,68771,,"106 E WAYNE STREET, RANDOLPH, NE, 68771"
12,WAUSA,WAUSA MEDICAL CLINIC,NE,100 N LINCOLN STREET,4025862244,68786,,"100 N LINCOLN STREET, WAUSA, NE, 68786"
12,OSMOND,OSMOND FAMILY PRACTICE CLINIC,NE,418 N STATE STREET,4027483366,68765,,"418 N STATE STREET, OSMOND, NE, 68765"
12,GOTHENBURG,GOTHENBURG CLINIC,NE,918 20TH STREET,3085374066,69138,,"918 20TH STREET, GOTHENBURG, NE, 69138"
12,HOOPER,HOOPER MEDICAL CLINIC,NE,"600 E FULTON STREET, SUITE A",4026542221,68031,,"600 E FULTON STREET, HOOPER, NE, 68031"
12,DECATUR,BURGESS FAMILY CLINIC-DECATUR,NE,"823 S BROADWAY, SUITE 120",4023495592,68020,,"823 S BROADWAY, DECATUR, NE, 68020"
12,ASHLAND,ASHLAND FAMILY CLINIC,NE,705 N 17TH AVENUE,4029442201,68003,,"705 N 17TH AVENUE, ASHLAND, NE, 68003"
12,LEXINGTON,FAMILY MEDICINE SPECIALISTS,NE,1105 N ERIE STREET,3083248308,68850,,"1105 N ERIE STREET, LEXINGTON, NE, 68850"
12,FAIRBURY,JEFFERSON COMMUNITY HEALTH & LIFE FAIRBURY CLINIC,NE,825 22ND ST,4027293361,68352,,"825 22ND ST, FAIRBURY, NE, 68352"
12,NEWMAN GROVE,NEWMAN GROVE MEDICAL CLINIC,NE,108 NORTH 1ST STREET,4024476214,68758,,"108 NORTH 1ST STREET, NEWMAN GROVE, NE, 68758"
12,HOLDREGE,PHELPS MEDICAL GROUP,NE,1315 TIBBALS STREET,3089956111,68949,,"1315 TIBBALS STREET, HOLDREGE, NE, 68949"
12,ELWOOD,LEXINGTON REGIONAL HEALTH CENTER ELWOOD CLINIC,NE,202 SMITH AVENUE,3087858175,68937,,"202 SMITH AVENUE, ELWOOD, NE, 68937"
12,FRIEND,FRIEND MEDICAL CLINIC,NE,1210 SECOND STREET,4029472021,68359,,"1210 SECOND STREET, FRIEND, NE, 68359"
12,LOUP CITY,LOUP CITY MEDICAL CLINIC,NE,"130 N 6TH STREET, SUITE A",3087450801,68853,,"130 N 6TH STREET, LOUP CITY, NE, 68853"
12,GENOA,PARK STREET MEDICAL CLINIC,NE,505 SOUTH PARK STREET,4029932206,68640,,"505 SOUTH PARK STREET, GENOA, NE, 68640"
12,OGALLALA,BANNER HEALTH CLINIC,NE,"2601 N SPRUCE STREET, SUITE A",3082843645,69153,,"2601 N SPRUCE STREET, OGALLALA, NE, 69153"
12,BERTRAND,LEXINGTON REGIONAL HEALTH CENTER BERTRAND CLINIC,NE,402 MINOR AVE,3084721472,68927,,"402 MINOR AVE, BERTRAND, NE, 68927"
12,PLYMOUTH,JEFFERSON COMMUNITY HEALTH & LIFE PLYMOUTH CLINIC,NE,"316 N MADISON AVE, STE 200",4027296888,68424,,"316 N MADISON AVE, PLYMOUTH, NE, 68424"
12,RED CLOUD,MAIN STREET MEDICAL CLINIC,NE,"313 NORTH WEBSTER, P O BOX 467",4027462282,68970,,"313 NORTH WEBSTER, RED CLOUD, NE, 68970"
12,SIDNEY,SIDNEY REGIONAL MEDICAL CENTER WALK IN CLINIC,NE,"610 GLOVER ROAD, SUITE 4",3082544752,69162,,"610 GLOVER ROAD, SIDNEY, NE, 69162"
12,EUSTIS,EUSTIS COMMUNITY MEDICAL CLINIC,NE,106 E RAILROAD STREET,3087843535,69028,,"106 E RAILROAD STREET, EUSTIS, NE, 69028"
12,LEXINGTON,LEXINGTON REGIONAL HEALTH CENTER MEDICAL CLINIC,NE,"1101 BUFFALO BEND, SUITE A",3083248308,68850,,"1101 BUFFALO BEND, LEXINGTON, NE, 68850"
1,OMAHA,THE NEBRASKA MEDICAL CENTER,NE,987435 NEBRASKA MEDICAL CENTER,4025595443,68198,0,"987435 NEBRASKA MEDICAL CENTER, OMAHA, NE, 68198"
1,OMAHA,CHILDREN'S HOSPITAL & MEDICAL CENTER  TRANSPLANT,NE,8200 DODGE STREET,4029554374,68114,0,"8200 DODGE STREET, OMAHA, NE, 68114"
